{"mean":{"confidence_interval":{"confidence_level":0.95,"lower_bound":-0.022874750766981918,"upper_bound":-0.01925799844466102},"point_estimate":-0.021081001560498858,"standard_error":0.0009210745876334359},"median":{"confidence_interval":{"confidence_level":0.95,"lower_bound":-0.020645210262876468,"upper_bound":-0.01740863211843735},"point_estimate":-0.018512126502026827,"standard_error":0.0007845731564988139}}