{"mean":{"confidence_interval":{"confidence_level":0.95,"lower_bound":-0.0034716219699734707,"upper_bound":-0.0022325063653448832},"point_estimate":-0.0028566590680561,"standard_error":0.0003156881281296516},"median":{"confidence_interval":{"confidence_level":0.95,"lower_bound":-0.00324141177731041,"upper_bound":-0.0027186442146540646},"point_estimate":-0.0029862487415469596,"standard_error":0.00012962050360986282}}