{"mean":{"confidence_interval":{"confidence_level":0.95,"lower_bound":-0.01708800860677189,"upper_bound":-0.007762059805133209},"point_estimate":-0.01223849885344963,"standard_error":0.00237721899044472},"median":{"confidence_interval":{"confidence_level":0.95,"lower_bound":-0.013119502586705753,"upper_bound":-0.008121878192396736},"point_estimate":-0.010862377960652148,"standard_error":0.0012913127220263664}}