{"mean":{"confidence_interval":{"confidence_level":0.95,"lower_bound":10203728.293199997,"upper_bound":10234314.951049998},"point_estimate":10217798.053999998,"standard_error":7807.847677581764},"median":{"confidence_interval":{"confidence_level":0.95,"lower_bound":10186990.0,"upper_bound":10208770.0},"point_estimate":10195102.5,"standard_error":5789.061098159773},"median_abs_dev":{"confidence_interval":{"confidence_level":0.95,"lower_bound":32753.153838515558,"upper_bound":52323.028711081104},"point_estimate":41804.278417825146,"standard_error":4911.395736215228},"slope":null,"std_dev":{"confidence_interval":{"confidence_level":0.95,"lower_bound":47845.05751258145,"upper_bound":104500.1610673755},"point_estimate":78415.48064749752,"standard_error":14335.685745435583}}