{"mean":{"confidence_interval":{"confidence_level":0.95,"lower_bound":11798810.444749998,"upper_bound":11806182.6574},"point_estimate":11802282.419999998,"standard_error":1880.3532822046536},"median":{"confidence_interval":{"confidence_level":0.95,"lower_bound":11793109.5,"upper_bound":11797454.5},"point_estimate":11794695.3,"standard_error":1107.4093218394473},"median_abs_dev":{"confidence_interval":{"confidence_level":0.95,"lower_bound":5205.111987590513,"upper_bound":10654.852970837994},"point_estimate":7692.173443437728,"standard_error":1458.0315015607807},"slope":null,"std_dev":{"confidence_interval":{"confidence_level":0.95,"lower_bound":13361.409269635024,"upper_bound":24012.91683860042},"point_estimate":18818.93982336821,"standard_error":2735.3308436441976}}