{"mean":{"confidence_interval":{"confidence_level":0.95,"lower_bound":4021266.480653846,"upper_bound":4026778.269288461},"point_estimate":4023538.6161538474,"standard_error":1434.450452194678},"median":{"confidence_interval":{"confidence_level":0.95,"lower_bound":4022284.0,"upper_bound":4023905.769230769},"point_estimate":4023197.1153846155,"standard_error":359.4374778812464},"median_abs_dev":{"confidence_interval":{"confidence_level":0.95,"lower_bound":3240.792473233849,"upper_bound":8948.859394971689},"point_estimate":6235.929535443727,"standard_error":1387.5423890563561},"slope":null,"std_dev":{"confidence_interval":{"confidence_level":0.95,"lower_bound":6027.867261049671,"upper_bound":22963.017303733737},"point_estimate":14391.949726353438,"standard_error":5533.034928876162}}