{"mean":{"confidence_interval":{"confidence_level":0.95,"lower_bound":0.00559523015469407,"upper_bound":0.008984489035859662},"point_estimate":0.006893664236293562,"standard_error":0.0009963166287331724},"median":{"confidence_interval":{"confidence_level":0.95,"lower_bound":0.005127320524872969,"upper_bound":0.005813533398862036},"point_estimate":0.005409141617744195,"standard_error":0.00017882145358812156}}