{"mean":{"confidence_interval":{"confidence_level":0.95,"lower_bound":-0.025705076019826398,"upper_bound":-0.023779491553531453},"point_estimate":-0.024667720314628494,"standard_error":0.0004931088174668061},"median":{"confidence_interval":{"confidence_level":0.95,"lower_bound":-0.025282897148185657,"upper_bound":-0.023766750625449196},"point_estimate":-0.024642675786974766,"standard_error":0.0003817711474878488}}