{"mean":{"confidence_interval":{"confidence_level":0.95,"lower_bound":3030.4364692083323,"upper_bound":3036.207296306558},"point_estimate":3032.855158653715,"standard_error":1.4916292450487814},"median":{"confidence_interval":{"confidence_level":0.95,"lower_bound":3029.3384970170955,"upper_bound":3031.6804869442485},"point_estimate":3030.6480745833364,"standard_error":0.5629992704617467},"median_abs_dev":{"confidence_interval":{"confidence_level":0.95,"lower_bound":2.787737604337577,"upper_bound":4.278398306645913},"point_estimate":3.527905314583094,"standard_error":0.3769941607720198},"slope":{"confidence_interval":{"confidence_level":0.95,"lower_bound":3031.4910808136697,"upper_bound":3037.8484506147047},"point_estimate":3034.1819815176095,"standard_error":1.6433530586408944},"std_dev":{"confidence_interval":{"confidence_level":0.95,"lower_bound":4.983774221492067,"upper_bound":23.375782503236252},"point_estimate":14.93416139394432,"standard_error":5.100521919798972}}