{"mean":{"confidence_interval":{"confidence_level":0.95,"lower_bound":-0.0005834138429181706,"upper_bound":0.0014045275689904546},"point_estimate":0.00043139427853167156,"standard_error":0.000503764012731341},"median":{"confidence_interval":{"confidence_level":0.95,"lower_bound":-0.000679999456245084,"upper_bound":0.0008588569216110287},"point_estimate":0.0000893854748602596,"standard_error":0.0004060623310514668}}