{"mean":{"confidence_interval":{"confidence_level":0.95,"lower_bound":132557942.2555,"upper_bound":133174958.54374999},"point_estimate":132861049.61,"standard_error":156756.53380468042},"median":{"confidence_interval":{"confidence_level":0.95,"lower_bound":132658793.0,"upper_bound":133761235.0},"point_estimate":133703719.0,"standard_error":312760.7706157873},"median_abs_dev":{"confidence_interval":{"confidence_level":0.95,"lower_bound":205591.39705002308,"upper_bound":2202616.385400736},"point_estimate":410551.9478112459,"standard_error":484170.35438942356},"slope":null,"std_dev":{"confidence_interval":{"confidence_level":0.95,"lower_bound":1254035.6687874678,"upper_bound":1992047.6121282114},"point_estimate":1575841.144464726,"standard_error":204368.83275800926}}