{"mean":{"confidence_interval":{"confidence_level":0.95,"lower_bound":10232662.47115,"upper_bound":10278154.4996},"point_estimate":10253512.598000001,"standard_error":11648.750116427102},"median":{"confidence_interval":{"confidence_level":0.95,"lower_bound":10209356.6,"upper_bound":10231815.0},"point_estimate":10215361.0,"standard_error":5322.576490599183},"median_abs_dev":{"confidence_interval":{"confidence_level":0.95,"lower_bound":29912.19576895237,"upper_bound":78254.62516920103},"point_estimate":52608.72572600786,"standard_error":13012.036282606685},"slope":null,"std_dev":{"confidence_interval":{"confidence_level":0.95,"lower_bound":69850.48170261589,"upper_bound":160450.81885707745},"point_estimate":117195.81646419765,"standard_error":23456.12217199555}}