{"mean":{"confidence_interval":{"confidence_level":0.95,"lower_bound":-0.017399807187428173,"upper_bound":-0.006199660368281411},"point_estimate":-0.01166346495647419,"standard_error":0.0028710672589433166},"median":{"confidence_interval":{"confidence_level":0.95,"lower_bound":-0.018448608016324974,"upper_bound":-0.011975794143829432},"point_estimate":-0.015893178664879826,"standard_error":0.0018632945269958037}}