{"mean":{"confidence_interval":{"confidence_level":0.95,"lower_bound":-0.4862633031194757,"upper_bound":-0.48229634081283423},"point_estimate":-0.4840932088645491,"standard_error":0.0010108971534982967},"median":{"confidence_interval":{"confidence_level":0.95,"lower_bound":-0.48258300202778925,"upper_bound":-0.4808756630890797},"point_estimate":-0.4818598071994382,"standard_error":0.00044308380339737205}}