{"mean":{"confidence_interval":{"confidence_level":0.95,"lower_bound":0.0017577834670978233,"upper_bound":0.003179961134915015},"point_estimate":0.00242535046828829,"standard_error":0.0003699869174942012},"median":{"confidence_interval":{"confidence_level":0.95,"lower_bound":0.0027501719246976197,"upper_bound":0.0032365478465934405},"point_estimate":0.0030219304097325317,"standard_error":0.00012177465180623472}}