{"mean":{"confidence_interval":{"confidence_level":0.95,"lower_bound":-0.0048653709382813215,"upper_bound":0.000585451655891994},"point_estimate":-0.0014738567602546881,"standard_error":0.0014935465365585384},"median":{"confidence_interval":{"confidence_level":0.95,"lower_bound":-0.0002688854345207681,"upper_bound":0.0010710800069484439},"point_estimate":0.0005406646722059261,"standard_error":0.0003661034477146331}}