{"mean":{"confidence_interval":{"confidence_level":0.95,"lower_bound":0.009526365520246105,"upper_bound":0.011239034576203904},"point_estimate":0.010419656685067169,"standard_error":0.0004417265927679235},"median":{"confidence_interval":{"confidence_level":0.95,"lower_bound":0.009758752413587368,"upper_bound":0.011102363313339268},"point_estimate":0.010488557312899438,"standard_error":0.00036853765991917584}}