{"mean":{"confidence_interval":{"confidence_level":0.95,"lower_bound":4022969.7776923077,"upper_bound":4028154.5297884606},"point_estimate":4025274.347692307,"standard_error":1328.346370103905},"median":{"confidence_interval":{"confidence_level":0.95,"lower_bound":4020408.3076923075,"upper_bound":4026641.6923076925},"point_estimate":4023556.730769231,"standard_error":1624.4589020613525},"median_abs_dev":{"confidence_interval":{"confidence_level":0.95,"lower_bound":8138.6185093566855,"upper_bound":12534.584454389666},"point_estimate":11091.95765692478,"standard_error":1178.5307550091507},"slope":null,"std_dev":{"confidence_interval":{"confidence_level":0.95,"lower_bound":7688.359364997789,"upper_bound":19970.94237497285},"point_estimate":13399.725573247599,"standard_error":3914.3648849553465}}