{"mean":{"confidence_interval":{"confidence_level":0.95,"lower_bound":-0.00614584169342274,"upper_bound":-0.0009351449999404105},"point_estimate":-0.003483152106037335,"standard_error":0.0013265557574152682},"median":{"confidence_interval":{"confidence_level":0.95,"lower_bound":-0.0037483859828482124,"upper_bound":-0.0003240276558303945},"point_estimate":-0.00198314087970064,"standard_error":0.0008013156386914418}}