{"mean":{"confidence_interval":{"confidence_level":0.95,"lower_bound":-0.0015842821316254584,"upper_bound":0.0018636433974773482},"point_estimate":0.00014197737533439003,"standard_error":0.000866173579273201},"median":{"confidence_interval":{"confidence_level":0.95,"lower_bound":0.00040087381558162605,"upper_bound":0.001265476266324228},"point_estimate":0.0008585621216701256,"standard_error":0.00022197300602626462}}