{"mean":{"confidence_interval":{"confidence_level":0.95,"lower_bound":0.006888314286681446,"upper_bound":0.011234595226946349},"point_estimate":0.009071828909262614,"standard_error":0.0011283978828647934},"median":{"confidence_interval":{"confidence_level":0.95,"lower_bound":0.005428529260397275,"upper_bound":0.007093515023036234},"point_estimate":0.006079439982888291,"standard_error":0.00042127671744396643}}