{"mean":{"confidence_interval":{"confidence_level":0.95,"lower_bound":-0.019074829737435007,"upper_bound":0.11503368627310412},"point_estimate":0.046465452631269555,"standard_error":0.03411901951740516},"median":{"confidence_interval":{"confidence_level":0.95,"lower_bound":0.009509967442061562,"upper_bound":0.06962433765537734},"point_estimate":0.04469648333969678,"standard_error":0.015273716576133337}}