{"mean":{"confidence_interval":{"confidence_level":0.95,"lower_bound":0.06304037303140507,"upper_bound":0.0701025528738057},"point_estimate":0.06639662563520465,"standard_error":0.0017734108066771405},"median":{"confidence_interval":{"confidence_level":0.95,"lower_bound":0.06398914365504844,"upper_bound":0.06525795957307241},"point_estimate":0.06485890519442572,"standard_error":0.00033662100799773556}}