{"mean":{"confidence_interval":{"confidence_level":0.95,"lower_bound":-0.0003007771120059814,"upper_bound":0.0019410577527915237},"point_estimate":0.0006165488769191985,"standard_error":0.0005554471737188858},"median":{"confidence_interval":{"confidence_level":0.95,"lower_bound":-0.0001541766953501167,"upper_bound":0.0008164830167156634},"point_estimate":0.0003881579835778304,"standard_error":0.00024768664361826226}}