{"mean":{"confidence_interval":{"confidence_level":0.95,"lower_bound":-0.002631666286749015,"upper_bound":0.00023641810804231334},"point_estimate":-0.001209340504784051,"standard_error":0.0007323977796399185},"median":{"confidence_interval":{"confidence_level":0.95,"lower_bound":-0.003246639361581205,"upper_bound":-0.002140380420852961},"point_estimate":-0.00265271867667749,"standard_error":0.00027955803181800137}}